Time,Voltage_measured,Current_measured,Temperature_measured
0.0,2.9874875712605857,1.5,24.654842669657175
0.1,2.9999619917657103,1.5,24.66766844524575
0.2,3.0067936505805006,1.5,24.481905542413724
0.30000000000000004,3.0118127904081455,1.5,24.597273545639567
0.4,3.0199699771770963,1.5,24.945754379647138
0.5,3.027763324255679,1.5,24.641532741591487
0.6000000000000001,3.0377270994444556,1.5,24.96694679635736
0.7000000000000001,3.047637234637849,1.5,25.061757342748145
0.8,3.05092024403237,1.5,25.005089492923027
0.9,3.062214379555963,1.5,25.18526705580745
1.0,3.066195626626803,1.5,25.14125206408652
1.1,3.07181759021312,1.5,25.118613027034844
1.2000000000000002,3.0834124163755656,1.5,24.782134275277343
1.3,3.088738721602502,1.5,24.23209267718128
1.4000000000000001,3.0975692398623225,1.5,24.488952023320238
1.5,3.102684864769982,1.5,24.830053356015128
1.6,3.1137876451389426,1.5,25.02909610378033
1.7000000000000002,3.116446848035988,1.5,25.195116293635365
1.8,3.1238419422608574,1.5,24.712695721592734
1.9000000000000001,3.1282457606884675,1.5,25.124753645878616
2.0,3.138424907248201,1.5,24.935325290465038
2.1,3.143028566241601,1.5,24.988116498307434
2.2,3.151443608782409,1.5,25.11927145214768
2.3000000000000003,3.1596279427467815,1.5,25.220442039072026
2.4000000000000004,3.1635185434132027,1.5,24.75507153102455
2.5,3.1713959943098504,1.5,24.860522545682873
2.6,3.179400343626886,1.5,25.518208186540555
2.7,3.181130059351099,1.5,24.450525365529135
2.8000000000000003,3.189880154984114,1.5,25.415466330157763
2.9000000000000004,3.1927873875033654,1.5,24.83548928662127
3.0,3.202159111205986,1.5,25.09839911010833
3.1,3.21068778324483,1.5,25.31660344272373
3.2,3.2114593905858273,1.5,25.581840325784444
3.3000000000000003,3.219709242938474,1.5,24.993686720904417
3.4000000000000004,3.225136092309705,1.5,25.609497245058535
3.5,3.2355540648477117,1.5,24.679801151641858
3.6,3.241023389519499,1.5,24.656219398963902
3.7,3.2484788689515276,1.5,25.078521669478715
3.8000000000000003,3.254139901899832,1.5,24.62438810660455
3.9000000000000004,3.2572060982731745,1.5,24.88665762946032
4.0,3.263992746529895,1.5,24.89660025354087
4.1000000000000005,3.2695026999640318,1.5,25.24471206106396
4.2,3.2790782985543663,1.5,25.154195628996035
4.3,3.2831582894976217,1.5,25.0416388434013
4.4,3.28988405937351,1.5,25.32411852953326
4.5,3.295223411761096,1.5,25.054075448216818
4.6000000000000005,3.298549493861083,1.5,25.65679176038237
4.7,3.3034625578673893,1.5,25.16019041551791
4.800000000000001,3.311985064660997,1.5,25.586410861500244
4.9,3.319610760544012,1.5,25.237849813417004
5.0,3.32295902231708,1.5,25.326237916521656
5.1000000000000005,3.3255232604912752,1.5,24.232596460406135
5.2,3.3345900075184085,1.5,25.012666645252192
5.300000000000001,3.337947646273488,1.5,25.254178114129914
5.4,3.340977580575431,1.5,25.029561119748106
5.5,3.353165270247284,1.5,25.332140173481054
5.6000000000000005,3.3537154442050667,1.5,24.726073830844662
5.7,3.3633314357264354,1.5,25.026438210365946
5.800000000000001,3.368862058342653,1.5,24.788241135302194
5.9,3.372239953634078,1.5,25.225797868927764
6.0,3.3750063023462142,1.5,25.48344376630124
6.1000000000000005,3.3843203640681363,1.5,25.70463767961574
6.2,3.3855663376224525,1.5,25.685298244644233
6.300000000000001,3.392275173366634,1.5,25.52042863121989
6.4,3.397035182179858,1.5,25.37472952209512
6.5,3.4018703876348404,1.5,24.861885929648704
6.6000000000000005,3.408211636595553,1.5,25.88186939098865
6.7,3.40941571236169,1.5,25.5191425816156
6.800000000000001,3.416435940428236,1.5,25.382897628058032
6.9,3.420985628553541,1.5,25.368952011879827
7.0,3.428846085074252,1.5,25.71436829590589
7.1000000000000005,3.4340889648092427,1.5,24.971705584585006
7.2,3.437172469260005,1.5,25.220206322083566
7.300000000000001,3.4436704924702157,1.5,24.67633434304623
7.4,3.4471349198073526,1.5,24.998146741450114
7.5,3.4514895813248168,1.5,25.929269047222046
7.6000000000000005,3.457491679656314,1.5,25.420485022655114
7.7,3.462010081942665,1.5,25.129289776005468
7.800000000000001,3.464173035153153,1.5,25.400206592465818
7.9,3.4728479320062147,1.5,25.702740524701067
8.0,3.4727600166634685,1.5,25.454278097859042
8.1,3.477628372761444,1.5,25.665658212291316
8.200000000000001,3.4827871536277923,1.5,25.05648047925899
8.3,3.4893578461662274,1.5,25.766273938300642
8.4,3.4970672767248936,1.5,25.98149778647349
8.5,3.50101391456352,1.5,25.028471977183575
8.6,3.5010847622906396,1.5,25.651445710860955
8.700000000000001,3.5071483563717614,1.5,25.72972986300885
8.8,3.509302762815693,1.5,25.593947587263678
8.9,3.5147822611903146,1.5,25.520175078195688
9.0,3.52439166176248,1.5,25.104271219713418
9.1,3.524460731494001,1.5,25.40729275940252
9.200000000000001,3.5315347700070006,1.5,25.54166272310903
9.3,3.5350791465442835,1.5,26.266807461925033
9.4,3.5363454536029986,1.5,25.159846629266745
9.5,3.540216331708016,1.5,25.88921321396437
9.600000000000001,3.5460458931273227,1.5,25.703974286812663
9.700000000000001,3.5500265412514405,1.5,24.98700974086202
9.8,3.556227762783684,1.5,25.767624900019165
9.9,3.5580119088181106,1.5,25.470929483248977
10.0,3.5644232500789235,1.5,25.93962573114194
10.100000000000001,3.56538670656106,1.5,25.55355599112116
10.200000000000001,3.5708175966460596,1.5,25.89003377161412
10.3,3.5727906732774923,1.5,25.27651845444983
10.4,3.5753613799433577,1.5,25.666744020043595
10.5,3.5809012169554655,1.5,25.69349046864667
10.600000000000001,3.587675900779725,1.5,25.415883960000265
10.700000000000001,3.5933101527295745,1.5,25.552094536586797
10.8,3.594183203453425,1.5,25.519933452718632
10.9,3.5992508286445393,1.5,25.942189257303557
11.0,3.601512753540536,1.5,25.58409507956113
11.100000000000001,3.6050407171996075,1.5,25.665304460993443
11.200000000000001,3.611992429477338,1.5,25.994209954757057
11.3,3.616137205632584,1.5,25.828934063367637
11.4,3.620103242809456,1.5,25.728228937011266
11.5,3.622676502123567,1.5,25.402292994134097
11.600000000000001,3.624057813996423,1.5,25.67762144790824
11.700000000000001,3.627182970154167,1.5,25.859311761341797
11.8,3.6286833152662186,1.5,26.228261444401824
11.9,3.639499067549537,1.5,25.025728419458343
12.0,3.636254416899285,1.5,25.608273269812283
12.100000000000001,3.642885760146434,1.5,25.56900980837831
12.200000000000001,3.6431615649962237,1.5,25.509704869516863
12.3,3.6520374512509135,1.5,25.232531582054612
12.4,3.654172233945612,1.5,26.033226871121595
12.5,3.659529534807747,1.5,25.97746815362084
12.600000000000001,3.660780664061358,1.5,25.96393940374903
12.700000000000001,3.6651981365956727,1.5,25.71294189860378
12.8,3.6679249752776304,1.5,25.630960215880446
12.9,3.6731588320728483,1.5,25.50763633936765
13.0,3.6747012163749337,1.5,25.929487538722892
13.100000000000001,3.679333347254595,1.5,25.554310147020818
13.200000000000001,3.68472560629145,1.5,26.026676094794002
13.3,3.682391392435852,1.5,25.50903199436329
13.4,3.685824334642606,1.5,26.29732249542267
13.5,3.693051584763211,1.5,25.814925078043032
13.600000000000001,3.6943084296818904,1.5,25.72201929898583
13.700000000000001,3.6975867107169997,1.5,25.70485803233147
13.8,3.701569282447207,1.5,26.228142821412195
13.9,3.703916627558869,1.5,26.001369727024482
14.0,3.703431384603877,1.5,26.498242022969922
14.100000000000001,3.7102707236882475,1.5,26.219398746547842
14.200000000000001,3.710693836843289,1.5,25.64397610952882
14.3,3.7170731196590654,1.5,25.883443036607673
14.4,3.7200130250142314,1.5,25.9643285869598
14.5,3.7227913544524167,1.5,25.98333655764088
14.600000000000001,3.7249504065512973,1.5,26.336328054398226
14.700000000000001,3.732416260670573,1.5,25.84365818680507
14.8,3.7357253328435793,1.5,25.694790336451717
14.9,3.7306442121936145,1.5,26.149529447170657
15.0,3.7362463232092105,1.5,26.118317326120792
15.100000000000001,3.743588710225431,1.5,25.79641985661835
15.200000000000001,3.7451047610693684,1.5,25.440633842058315
15.3,3.7454615837728618,1.5,26.59212015832413
15.4,3.751320215347155,1.5,26.420893011207657
15.5,3.750217013363206,1.5,25.753294260678718
15.600000000000001,3.7532161144731564,1.5,25.97071243368755
15.700000000000001,3.7574982091886375,1.5,26.01262414133391
15.8,3.76128812568006,1.5,26.212120535519237
15.9,3.763993542055298,1.5,25.952321056082486
16.0,3.7664318705293494,1.5,25.921667016359454
16.1,3.768973793914226,1.5,26.01783619953356
16.2,3.771064089489371,1.5,25.782296434315572
16.3,3.773355087046,1.5,26.354682687062045
16.400000000000002,3.7768640058159986,1.5,26.26226728482212
16.5,3.7802224279686047,1.5,25.78848705796403
16.6,3.7806429714272984,1.5,26.194326493523675
16.7,3.7821755727196824,1.5,25.909129502492164
16.8,3.787732193014613,1.5,26.150719375811313
16.900000000000002,3.790541218546709,1.5,25.517559046238535
17.0,3.7921043444883566,1.5,26.053258302630425
17.1,3.7943272753723742,1.5,26.525059153026184
17.2,3.798317932686525,1.5,25.82115536450753
17.3,3.8004461402337992,1.5,26.042233707630537
17.400000000000002,3.8029585653296722,1.5,26.53449577284974
17.5,3.80955453684762,1.5,26.677588106874328
17.6,3.8044793675161404,1.5,26.402818373367246
17.7,3.808078815830106,1.5,26.647690008931267
17.8,3.812787553984885,1.5,26.54044690723436
17.900000000000002,3.817008391986583,1.5,25.684449785180313
18.0,3.81664767413361,1.5,26.37376177904376
18.1,3.8181061333905193,1.5,26.28473328516514
18.2,3.822549224650491,1.5,25.910718241427055
18.3,3.8249464005540617,1.5,25.717920388273217
18.400000000000002,3.824263595388987,1.5,26.485292787785355
18.5,3.830915809310404,1.5,26.209853738165833
18.6,3.8321250930912307,1.5,26.293672917522255
18.7,3.8357956178918315,1.5,26.449201913572598
18.8,3.8380043037172595,1.5,26.783192191511343
18.900000000000002,3.834927155736341,1.5,26.084866983533008
19.0,3.8416505234871963,1.5,26.178248370167985
19.1,3.8437883248475244,1.5,26.197061216125974
19.200000000000003,3.84535040707857,1.5,26.102542660544824
19.3,3.8490944200610975,1.5,26.864991953715943
19.400000000000002,3.8501035041698617,1.5,26.61077990654115
19.5,3.8515944866830902,1.5,26.520903299065147
19.6,3.8547293763402593,1.5,26.506717793011365
19.700000000000003,3.855768311949645,1.5,26.309973551565946
19.8,3.8597967446106423,1.5,25.6571661024011
19.900000000000002,3.860658540852607,1.5,27.00387432530628
20.0,3.8633160492905465,1.5,26.27617221516816
20.1,3.863099753805778,1.5,26.632937058482888
20.200000000000003,3.865938958892125,1.5,26.68980777159517
20.3,3.871051317472409,1.5,26.35329213766478
20.400000000000002,3.8749489591382043,1.5,27.045774453787708
20.5,3.8745206278265534,1.5,26.741475001798175
20.6,3.879936412813593,1.5,26.208170772765104
20.700000000000003,3.879786113283857,1.5,26.701900593132184
20.8,3.8802053051311134,1.5,26.79170612211552
20.900000000000002,3.8857978998413705,1.5,26.43852823479934
21.0,3.8831669773235484,1.5,26.65087312232231
21.1,3.8875053443839875,1.5,26.40787699344129
21.200000000000003,3.88918211512711,1.5,26.33161730166523
21.3,3.885970755919981,1.5,26.520653576320854
21.400000000000002,3.8921813395757265,1.5,26.529540523646514
21.5,3.898171284774187,1.5,26.42169414281089
21.6,3.8956745539362436,1.5,25.87557808081803
21.700000000000003,3.897545279437957,1.5,26.980477813468518
21.8,3.9015790293478747,1.5,26.907422029021408
21.900000000000002,3.8979352504799394,1.5,26.276788360495352
22.0,3.9058725850424545,1.5,26.445395733055207
22.1,3.9053997211084392,1.5,26.24583721377599
22.200000000000003,3.905966864513764,1.5,26.077992275858158
22.3,3.9117392105086153,1.5,26.24992397235739
22.400000000000002,3.912644012122326,1.5,26.59844723560957
22.5,3.9165978873624665,1.5,26.688675438576656
22.6,3.9161985307411116,1.5,26.295172759604878
22.700000000000003,3.91757926422626,1.5,26.504346843210996
22.8,3.9195344447415716,1.5,26.6805060837667
22.900000000000002,3.9205793618182145,1.5,26.41254669052454
23.0,3.9207255163850108,1.5,26.761488239731204
23.1,3.925751700923495,1.5,26.334123103955818
23.200000000000003,3.9259174565629356,1.5,27.23652609637937
23.3,3.9296473980654127,1.5,26.452512909942712
23.400000000000002,3.9283103822334566,1.5,26.54692797344751
23.5,3.9296920426955575,1.5,26.331399650647516
23.6,3.9332921852273914,1.5,26.044267326207674
23.700000000000003,3.9348972791912753,1.5,26.784660954062748
23.8,3.9369071356899235,1.5,26.304317950018394
23.900000000000002,3.9379018884506354,1.5,26.747788238115916
24.0,3.94211708442977,1.5,26.51703292801473
24.1,3.937928496728615,1.5,27.061591665611605
24.200000000000003,3.942022643731415,1.5,26.692340238733873
24.3,3.9449663933496297,1.5,26.249273048173812
24.400000000000002,3.946594504298011,1.5,26.757593402837152
24.5,3.947499752997626,1.5,27.47760670075307
24.6,3.947698632954726,1.5,26.675297080312426
24.700000000000003,3.945672755197581,1.5,26.591322095339134
24.8,3.954414546434774,1.5,26.936545202549464
24.900000000000002,3.954740994328869,1.5,26.57706180831469
25.0,3.9577924892796608,1.5,26.78625977798968
25.1,3.953495052413224,1.5,26.83181103119948
25.200000000000003,3.957088427388291,1.5,26.479019426816823
25.3,3.9602180784789125,1.5,27.040799657628426
25.400000000000002,3.959104719316556,1.5,27.13214946909201
25.5,3.9629082103929156,1.5,26.575780038244904
25.6,3.966920041149466,1.5,27.04075050791131
25.700000000000003,3.965002993633317,1.5,27.07881168917218
25.8,3.9706173233494426,1.5,26.825832203748806
25.900000000000002,3.968013282905481,1.5,27.28629991575991
26.0,3.9726415999743376,1.5,27.33789638574816
26.1,3.9709371050134643,1.5,26.683426027768157
26.200000000000003,3.9767291397218885,1.5,27.002057644621324
26.3,3.9761356529022756,1.5,27.028487157897008
26.400000000000002,3.977765940342333,1.5,27.146096152798023
26.5,3.976351974094407,1.5,27.046538265535215
26.6,3.9783614704626697,1.5,27.178912864135388
26.700000000000003,3.981940971621853,1.5,27.00414089805444
26.8,3.983693196298642,1.5,27.62083333313695
26.900000000000002,3.98195932574838,1.5,26.928926559350835
27.0,3.9878396163721,1.5,26.65626156673847
27.1,3.9869957078773157,1.5,27.198779964734552
27.200000000000003,3.989056866683131,1.5,26.863458851091746
27.3,3.9900571470579953,1.5,26.805249099052347
27.400000000000002,3.988030494575774,1.5,26.958348116609514
27.5,3.9951188190331446,1.5,27.090719053017203
27.6,3.99632691121687,1.5,26.786758908063685
27.700000000000003,3.994074171974546,1.5,27.21508776584731
27.8,3.9999483502481317,1.5,26.85576396175412
27.900000000000002,3.9976311920996492,1.5,27.247346105366034
28.0,3.998993500631232,1.5,27.025379316771748
28.1,3.9994919591454376,1.5,27.139927160807385
28.200000000000003,4.00082935386263,1.5,26.68339834406797
28.3,4.006279063068639,1.5,26.559337990038866
28.400000000000002,4.005386529663312,1.5,27.19631040559369
28.5,4.005224792753069,1.5,27.655454208439895
28.6,4.005235980422831,1.5,26.845224838862578
28.700000000000003,4.006495593022966,1.5,27.615215469553515
28.8,4.008239117210858,1.5,27.220276060213173
28.900000000000002,4.007835983610486,1.5,26.94871293651603
29.0,4.011519622464337,1.5,26.99963971179852
29.1,4.015271090835689,1.5,27.244236462704425
29.200000000000003,4.015982966322578,1.5,27.56952481165403
29.3,4.010835620373959,1.5,27.272188270328463
29.400000000000002,4.016080859837749,1.5,27.122943579851555
29.5,4.012640746898065,1.5,27.25344691064719
29.6,4.019900533577837,1.5,26.841010815710334
29.700000000000003,4.01924187798422,1.5,26.957910468657953
29.8,4.024659612139694,1.5,27.256947247184538
29.900000000000002,4.02252972496905,1.5,27.229619047719115
30.0,4.020907568076328,1.5,27.163716099473426
30.1,4.021133754595167,1.5,27.239978632669867
30.200000000000003,4.0251809204657905,1.5,27.131811028762748
30.3,4.026742348609192,1.5,26.86160191455335
30.400000000000002,4.026427265534885,1.5,26.933094288299632
30.5,4.027980860053008,1.5,27.396056676310568
30.6,4.027970339684562,1.5,27.719091168379087
30.700000000000003,4.030944265135121,1.5,27.360351172627425
30.8,4.0307333650662285,1.5,26.96544325770315
30.900000000000002,4.031634099430826,1.5,27.553931472736423
31.0,4.031436341446812,1.5,27.267337143355483
31.1,4.038257052595789,1.5,27.47938025352806
31.200000000000003,4.034144785125333,1.5,27.29806789391741
31.3,4.038389604406338,1.5,27.60084214729444
31.400000000000002,4.037497055722427,1.5,27.524046660619558
31.5,4.039663146050521,1.5,26.910708380551057
31.6,4.039938621568254,1.5,27.553849257559868
31.700000000000003,4.040061515012801,1.5,27.343415751520684
31.8,4.04167750714416,1.5,27.281339254008643
31.900000000000002,4.04106174229166,1.5,27.518179530826547
32.0,4.047541460338563,1.5,27.47315791511443
32.1,4.044491681539186,1.5,27.164070129029678
32.2,4.047316616280252,1.5,27.477340870897244
32.300000000000004,4.048479711912711,1.5,26.912235795315727
32.4,4.0490303077167145,1.5,27.629581339271816
32.5,4.050010396635009,1.5,27.49665377027367
32.6,4.047526657607333,1.5,27.527443409890548
32.7,4.0475174278215835,1.5,27.246095751112776
32.800000000000004,4.048181692241786,1.5,28.322852351150843
32.9,4.050795602428803,1.5,27.724711748211938
33.0,4.054691733566241,1.5,27.35476512070443
33.1,4.059964245015009,1.5,27.597013166958263
33.2,4.059359521350816,1.5,27.591525065837033
33.300000000000004,4.059362748922421,1.5,27.55896581906069
33.4,4.055248468492934,1.5,26.452634204450526
33.5,4.060435214646058,1.5,27.53926983763547
33.6,4.059519810712674,1.5,27.767262291832452
33.7,4.057419941116237,1.5,27.321160039789905
33.800000000000004,4.0644670386662405,1.5,27.0172400852283
33.9,4.060839548036058,1.5,27.326020784760356
34.0,4.066375266860081,1.5,27.526218592638315
34.1,4.064968594270034,1.5,28.027473655319426
34.2,4.063515394670274,1.5,27.570627417768197
34.300000000000004,4.06265769322846,1.5,27.345410847815213
34.4,4.066878210757487,1.5,27.844640687266857
34.5,4.069587719382726,1.5,27.44249435833333
34.6,4.068214018873874,1.5,27.1300384791705
34.7,4.070879381490753,1.5,27.317663535020227
34.800000000000004,4.069651839509189,1.5,27.74465247098148
34.9,4.069551909057295,1.5,27.31364787107706
35.0,4.070757191780268,1.5,27.870942487442186
35.1,4.073072518000996,1.5,28.135816726834474
35.2,4.072057030515884,1.5,28.009941225190556
35.300000000000004,4.07270652390786,1.5,27.44963421624256
35.4,4.071611151127868,1.5,27.239259391936606
35.5,4.075725661570533,1.5,26.953032374893407
35.6,4.07526280603092,1.5,27.49604740374084
35.7,4.074288921299854,1.5,27.004328017995437
35.800000000000004,4.0768944602801644,1.5,27.74617966312341
35.9,4.078642615843807,1.5,28.109293803026077
36.0,4.080028729446677,1.5,27.75482465244046
36.1,4.081306371977669,1.5,27.505361276379027
36.2,4.081137209186017,1.5,28.04968199083311
36.300000000000004,4.079939065847556,1.5,27.50237608554163
36.4,4.0831436058968125,1.5,27.576282496717287
36.5,4.081521964766069,1.5,27.64387358078006
36.6,4.082638862770701,1.5,27.439394905386532
36.7,4.08319413922971,1.5,27.691067236128315
36.800000000000004,4.084374121389374,1.5,28.038165187294993
36.9,4.087785217913192,1.5,27.731009628217464
37.0,4.0877795743563565,1.5,27.320622307946444
37.1,4.088798011304302,1.5,27.779229331828038
37.2,4.090554825446194,1.5,27.88014107211973
37.300000000000004,4.086718407520979,1.5,27.64591794491929
37.4,4.089687118214426,1.5,27.718746182923766
37.5,4.090062647903366,1.5,28.124970868092856
37.6,4.091695149571302,1.5,27.686484487109254
37.7,4.092360041923559,1.5,27.885380461592725
37.800000000000004,4.089374342961797,1.5,27.863453139173856
37.9,4.095596452352193,1.5,27.326495107729293
38.0,4.092735897336098,1.5,27.462527564742604
38.1,4.0948599755524775,1.5,27.77836804780928
38.2,4.095997464021442,1.5,28.019734604881155
38.300000000000004,4.095774146799041,1.5,28.34398495461391
38.400000000000006,4.094219093631251,1.5,27.36658568801409
38.5,4.097416403195286,1.5,27.408464673077
38.6,4.097736995309421,1.5,27.829431476637676
38.7,4.0983652108777795,1.5,28.039292146885657
38.800000000000004,4.098642526437191,1.5,27.59106689483386
38.900000000000006,4.101093994237707,1.5,27.98529762172486
39.0,4.103621165772953,1.5,28.14585682009781
39.1,4.104564072473113,1.5,28.13741410053111
39.2,4.103168185259149,1.5,28.572583463445998
39.300000000000004,4.1036274987844585,1.5,27.726825141205705
39.400000000000006,4.099821453220997,1.5,27.208524254216375
39.5,4.103795362365896,1.5,27.715672207468888
39.6,4.105072780289307,1.5,28.235898435002603
39.7,4.1005938511008,1.5,28.281849000802726
39.800000000000004,4.109180631396982,1.5,27.460271550985723
39.900000000000006,4.105794295629316,1.5,28.40357940466139
40.0,4.104834495001317,1.5,27.48953860701184
40.1,4.105088602638352,1.5,27.867976555095147
40.2,4.1082463052693505,1.5,28.140042232644664
40.300000000000004,4.109171224220998,1.5,27.872277224010443
40.400000000000006,4.1115955123905294,1.5,28.15316240190594
40.5,4.10775380847721,1.5,27.87777799228863
40.6,4.109975444598384,1.5,28.06583308416281
40.7,4.110311365114467,1.5,27.629553919239534
40.800000000000004,4.110347680230382,1.5,28.504111387257197
40.900000000000006,4.110295422316816,1.5,27.993643666094517
41.0,4.116268757415302,1.5,27.95045379869168
41.1,4.114667535743386,1.5,28.201883872651543
41.2,4.11366653899587,1.5,27.666638540905435
41.300000000000004,4.114865925167499,1.5,28.01318284208867
41.400000000000006,4.116507625912146,1.5,27.710153383574838
41.5,4.113716237604462,1.5,27.855689082269222
41.6,4.113796583114104,1.5,28.073081940975605
41.7,4.115648047388968,1.5,28.247451238018748
41.800000000000004,4.118611652762173,1.5,27.954881988097085
41.900000000000006,4.121713093232913,1.5,28.027282754723316
42.0,4.117378233068326,1.5,28.344929780479607
42.1,4.116087233929729,1.5,28.049859060584623
42.2,4.11938160766108,1.5,27.920507559365085
42.300000000000004,4.119119986487792,1.5,28.277277389112946
42.400000000000006,4.122290915952629,1.5,28.16374267931958
42.5,4.120597192764809,1.5,28.133745364840184
42.6,4.1218878586953185,1.5,28.520116706380296
42.7,4.120575030839489,1.5,28.049189526984517
42.800000000000004,4.122317802639264,1.5,28.391290518185425
42.900000000000006,4.119873942961386,1.5,27.529096261738935
43.0,4.122267626057568,1.5,28.11487129956801
43.1,4.121906785833951,1.5,28.22965781801863
43.2,4.124333185669961,1.5,28.175106597827085
43.300000000000004,4.123854010338464,1.5,28.009456797564923
43.400000000000006,4.122338673284243,1.5,27.77843232815071
43.5,4.12622417645661,1.5,28.06510718497181
43.6,4.126559800224651,1.5,28.097779375620267
43.7,4.128184385981357,1.5,28.319910737988156
43.800000000000004,4.126281224135235,1.5,28.56920143402412
43.900000000000006,4.12615876048837,1.4928172523851457,27.94894894837784
44.0,4.12607989759917,1.4856688993458245,28.379764475815037
44.1,4.128901702034198,1.4785547761836648,28.11577787754425
44.2,4.12939049443546,1.4714747189889548,28.505485453868413
44.300000000000004,4.128025423334927,1.464428564636864,28.607343777394796
44.400000000000006,4.129143782364261,1.4574161507836838,28.51683656814256
44.5,4.130566421340252,1.4504373158630903,28.482964224568857
44.6,4.130335009536136,1.443491899082416,27.666983177509643
44.7,4.13094635316089,1.436579740418952,28.19093002685408
44.800000000000004,4.1340991971988705,1.429700680616257,28.617633727734088
44.900000000000006,4.129172564181441,1.4228545611804895,28.898572397095638
45.0,4.131484603872882,1.416041224376754,28.628398897774268
45.1,4.135589365080309,1.409260513225469,28.547604315997493
45.2,4.133552295266812,1.4025122714987495,28.408699302258665
45.300000000000004,4.131761234902668,1.3957963437168084,28.25423951267867
45.400000000000006,4.134475836627218,1.3891125751443727,28.851610924971908
45.5,4.1349152635666355,1.382460811787118,28.562683502951987
45.6,4.136629702852657,1.3758409003881225,28.35240839802004
45.7,4.13675094111613,1.3692526884243343,28.510766963559572
45.800000000000004,4.134185632858064,1.3626960241030592,28.509241999937675
45.900000000000006,4.1361879320226835,1.356170756358461,28.562411493253315
46.0,4.137508786999014,1.349676734848082,28.671205778279116
46.1,4.135192334007082,1.3432138099493791,28.09120665611456
46.2,4.13727751637407,1.3367818327562768,28.103256360859795
46.300000000000004,4.134237608045916,1.3303806550757367,28.827856943095423
46.400000000000006,4.138287501413219,1.3240101294243407,28.25433914932427
46.5,4.138766161699126,1.3176701090248972,28.418917645674245
46.6,4.137888848994651,1.311360447803055,28.61517782528292
46.7,4.140868696353201,1.3050810003839404,28.507695548756665
46.800000000000004,4.141589387972807,1.2988316220888079,28.5526456015237
46.900000000000006,4.138000412399512,1.2926121689317038,28.34131861111376
47.0,4.142493688435114,1.2864224976161536,29.028972296328202
47.1,4.140803345380627,1.2802624655318553,28.74413202628893
47.2,4.1394903199854705,1.2741319307513974,28.553621980336178
47.300000000000004,4.143976883983037,1.2680307520269882,29.284503132283575
47.400000000000006,4.142010787447115,1.261958788787199,28.370828984882834
47.5,4.140138368863421,1.2559159011337289,28.71724184674261
47.6,4.141213090939995,1.2499019498381783,28.63027284345609
47.7,4.143129176678996,1.2439167963388436,28.695114003536133
47.800000000000004,4.144157310300204,1.2379603027375239,28.67866422456118
47.900000000000006,4.145729775061723,1.2320323317963422,29.426964681665762
48.0,4.1448015347804406,1.2261327469345868,28.721582623892246
48.1,4.141977880209181,1.2202614122255606,28.75260804769521
48.2,4.1435734574585945,1.214418192393453,28.36275459334323
48.300000000000004,4.149540801077352,1.2086029528102196,28.50266958561929
48.400000000000006,4.149278692216323,1.2028155594924839,28.786846818093498
48.5,4.146272582581409,1.197055879098448,28.5582036195395
48.6,4.147624124363028,1.19132377892482,28.851355002501535
48.7,4.147341872072004,1.1856191269037595,28.607860111637226
48.800000000000004,4.149504841987336,1.1799417915998303,28.474657183812447
48.900000000000006,4.148513961937765,1.1742916422069765,28.1755775340478
49.0,4.1478892295474905,1.1686685485455064,29.076360728868508
49.1,4.150492112996931,1.1630723810590926,28.599706689092645
49.2,4.148991406251324,1.1575030108117894,28.63424623064149
49.300000000000004,4.147698943577858,1.1519603094850592,28.96687535507025
49.400000000000006,4.150354176606925,1.1464441493748188,28.538317652936012
49.5,4.150605919988414,1.1409544033884953,29.22164036230517
49.6,4.148563945881529,1.1354909450420982,28.863534405798546
49.7,4.152340189619731,1.130053648457305,29.101748899841144
49.800000000000004,4.151324499567022,1.1246423883585621,29.02611999090403
49.900000000000006,4.1503572643019115,1.1192570400701976,28.99408931391561
50.0,4.151575749850039,1.1138974795135492,28.623243880702134
50.1,4.153419257949687,1.1085635832041039,28.454908456521284
50.2,4.151607623845922,1.1032552282486547,29.07275276822951
50.300000000000004,4.151105019787896,1.0979722923424688,28.324846574868175
50.400000000000006,4.150282176126565,1.0927146537664696,28.41182542267256
50.5,4.147807516158681,1.0874821913844315,28.73164327312605
50.6,4.151355501399734,1.0822747846401897,28.732206809172155
50.7,4.151847208122415,1.0770923135548622,28.452007949643946
50.800000000000004,4.1569014088449405,1.071934658724086,28.773561080483745
50.900000000000006,4.150281391179098,1.066801701315266,28.804322185455238
51.0,4.153313184199462,1.0616933230648367,28.733269453709276
51.1,4.151144998837878,1.0566094062755362,28.906363880606058
51.2,4.153374630454396,1.0515498338136973,28.160329746455243
51.300000000000004,4.1598291272428956,1.0465144891065465,29.133547483637575
51.400000000000006,4.151307251802233,1.0415032561395194,29.4089848517449
51.5,4.154689749215705,1.0365160194535874,28.830572115642557
51.6,4.152195820054917,1.0315526641425947,28.916550790826747
51.7,4.156464093980232,1.026613075850617,28.809749022361537
51.800000000000004,4.158054217791346,1.0216971407693207,29.061970849469972
51.900000000000006,4.153058062718819,1.0168047456353444,29.168076869625665
52.0,4.158458001435749,1.0119357777276885,28.583799976354346
52.1,4.159621872125553,1.0070901248651154,28.789556983380272
52.2,4.1591846329121305,1.00226767540357,28.67500187428027
52.300000000000004,4.158096481211274,0.9974683182336028,29.363452724206876
52.400000000000006,4.154994515158332,0.9926919427778127,28.95552136473822
52.5,4.161407857093007,0.9879384389882984,28.874250295046703
52.6,4.1577805699173505,0.9832076973441207,29.168076854988495
52.7,4.157491767929492,0.9784996088487841,28.867615391681603
52.800000000000004,4.160468732088378,0.9738140650277209,28.79665801496803
52.900000000000006,4.158669575026991,0.9691509579257951,28.524069441830324
53.0,4.157737396478417,0.9645101801048117,29.386754348379032
53.1,4.158877324083942,0.9598916246410447,29.133253582168003
53.2,4.159582190506372,0.9552951851227718,28.882062625172512
53.300000000000004,4.162849737764409,0.9507207556478234,29.714298311155996
53.400000000000006,4.16079791792964,0.9461682308211424,29.21255715447711
53.5,4.162899284106915,0.941637505752355,28.826736667923544
53.6,4.159916946589675,0.9371284760533549,29.626647496290985
53.7,4.159308937262781,0.9326410378358987,29.013407015403025
53.800000000000004,4.163440890971876,0.9281750877092112,28.9621876325704
53.900000000000006,4.161096200113231,0.9237305227776045,29.06431125102611
54.0,4.1616213252893175,0.9193072406381053,29.214728210084925
54.1,4.164165438429578,0.9149051393780974,28.973712011115012
54.2,4.160617499234893,0.9105241175729734,29.643331119530792
54.300000000000004,4.163312095780907,0.9061640742837972,29.03533689798356
54.400000000000006,4.1625488446911545,0.9018249090549781,29.002148880954163
54.5,4.163820607638396,0.8975065219119578,28.795544605799023
54.6,4.164731667762987,0.8932088133589049,29.168709846969858
54.7,4.167583232300266,0.8889316843764243,28.54288032293177
54.800000000000004,4.160244857448497,0.8846750364192759,28.8427763789857
54.900000000000006,4.162869535841862,0.8804387714141013,29.262857584659216
55.0,4.164471393954192,0.8762227917571683,29.211748123759282
55.1,4.1641115337192005,0.8720270003121183,29.256875639505296
55.2,4.163574505955527,0.8678513004077313,29.154342668413523
55.300000000000004,4.161197214570384,0.8636955958356971,28.97542810361405
55.400000000000006,4.1638591307257355,0.8595597908483976,28.26874892507804
55.5,4.165970479085947,0.8554437901567038,29.219051947078302
55.6,4.1673197067324335,0.851347498927777,28.652200637188663
55.7,4.165570038473211,0.8472708227828867,28.854364358968084
55.800000000000004,4.166728275183102,0.8432136677952338,29.33464132681581
55.900000000000006,4.166231358906587,0.8391759404877879,29.366880801328634
56.0,4.16722390811203,0.8351575478311335,29.411880952499658
56.1,4.164160097263793,0.8311583972413257,29.069037801730012
56.2,4.167945966435162,0.8271783965777584,29.171062175316614
56.300000000000004,4.165946955365462,0.8232174541410398,29.30453124078407
56.400000000000006,4.16626803006674,0.8192754786708809,29.30427665148796
56.5,4.1673362565840355,0.8153523793439933,29.28665055720479
56.6,4.167328999500377,0.811448065771994,28.988119712831505
56.7,4.166681906101809,0.8075624479993263,29.124056783294275
56.800000000000004,4.1703338663193374,0.8036954365011841,29.418957999012488
56.900000000000006,4.168843520769479,0.799846942181452,29.512417372321266
57.0,4.167402509623145,0.7960168763706506,29.395159469714876
57.1,4.167818542349653,0.7922051508238941,29.404634185930743
57.2,4.1689781421048,0.788411677718857,29.952619146276234
57.300000000000004,4.168348241762494,0.7846363696537513,29.763327195573567
57.400000000000006,4.167604091155219,0.7808791396453123,29.22283989691773
57.5,4.169642068886386,0.7771399011267945,29.94529453149281
57.6,4.169634802761804,0.7734185679459771,29.631531858263994
57.7,4.1696051076488,0.7697150543631782,29.885215936760833
57.800000000000004,4.172834595292397,0.7660292750492819,29.594475143309907
57.900000000000006,4.170230917756957,0.7623611450837692,29.187903814301077
58.0,4.168637810754154,0.758710579952764,29.592647554897727
58.1,4.171555490725233,0.7550774955470839,29.286252797175987
58.2,4.168379073692123,0.7514618081603033,29.668550788757983
58.300000000000004,4.1736936790520085,0.7478634344868248,28.98494728402203
58.400000000000006,4.1707674521096765,0.7442822916199601,29.549786992001426
58.5,4.169966951170224,0.7407182970500192,29.56246334970115
58.6,4.170962527499651,0.7371713686624095,29.791114998437262
58.7,4.172536604807004,0.7336414247357436,29.7495399326221
58.800000000000004,4.167563425537501,0.7301283839399575,29.347306977790897
58.900000000000006,4.171879097163457,0.7266321653344361,29.313919484737337
59.0,4.173153437488053,0.7231526883661481,29.29158816402824
59.1,4.175057133326713,0.7196898728677898,29.41590172952823
59.2,4.16979510494188,0.7162436390559391,29.439018992512388
59.300000000000004,4.168844190031026,0.7128139075292167,29.799486605718453
59.400000000000006,4.17251510888144,0.7094005992664564,28.942802779947645
59.5,4.17397119383397,0.7060036356248851,29.08213857924461
59.6,4.172079675370759,0.7026229383383097,29.110553658375988
59.7,4.173453302197519,0.6992584295153154,29.504091500483963
59.800000000000004,4.174173239351059,0.6959100316374701,29.724827737403178
59.900000000000006,4.175397616478413,0.6925776675575386,29.66335175108185
60.0,4.1757032225792825,0.6892612604977054,29.275248226405353
60.1,4.172083014226513,0.6859607340478044,29.85591828709389
60.2,4.17295325200443,0.6826760121635607,29.919711640582445
60.300000000000004,4.171560353268068,0.6794070191648366,29.816353594467518
60.400000000000006,4.1772424446747785,0.6761536797338891,29.457213695637883
60.5,4.173306056691404,0.6729159189136336,29.601955236466498
60.6,4.174370322291096,0.6696936621059172,29.915923543491928
60.7,4.174024376346059,0.666486835069801,29.609353212308356
60.800000000000004,4.177342552565955,0.663295363919848,29.671042589329794
60.900000000000006,4.173594908954334,0.660119175124422,29.75287615546079
61.0,4.178657364026278,0.6569581955039925,29.589929177855193
61.1,4.172846396461334,0.6538123522294489,29.506583331700753
61.2,4.172442912527874,0.6506815728204232,29.78743020766413
61.300000000000004,4.17467998967323,0.6475657851436195,29.877817388690186
61.400000000000006,4.180341037111826,0.6444649174111519,29.302530434989205
61.5,4.172587950482014,0.6413788981788906,29.67527480952746
61.6,4.177341346121871,0.6383076563448157,29.421462131463286
61.7,4.176590128105088,0.6352511211473797,29.690249347820053
61.800000000000004,4.176890012288989,0.6322092221638764,30.10297908243213
61.900000000000006,4.180561356232296,0.6291818893088188,29.87956032669223
62.0,4.175969975366737,0.626169052832324,29.67432604313445
62.1,4.1781582719267805,0.623170643318506,30.35419497098726
62.2,4.177455369301291,0.6201865916838771,29.23592787315369
62.300000000000004,4.17652792240047,0.617216829175756,29.58457986705317
62.400000000000006,4.176441644474822,0.6142612873706825,29.803728328901283
62.5,4.178484942540791,0.6113198981728433,29.46701405746986
